companyid,company,date_joined,country,city,founded_year,investorscount,dealterms,financial_stage,portfolioexits
341,YITU Technology,2018-03-08,China,Shanghai,2012,11,1,Divestiture,1
385,Pipe,2021-05-19,United States,Miami,2019,36,1,None,
486,TuJia,2015-06-17,China,Beijing,2011,13,2,Acquired,1
558,Deezer,2018-08-02,France,Paris,2007,11,3,Acquired,1
90,Trade Republic,2021-05-20,Germany,Berlin,2015,7,1,None,
49,Getir,2021-03-26,Turkey,Istanbul,2015,15,3,None,
50,Netskope,2018-11-13,United States,Santa Clara,2012,13,8,None,
184,HyalRoute,2020-05-26,Singapore,Mobile & telecommunications,2015,1,1,None,
207,Komodo Health,2020-05-22,United States,San Francisco,2014,10,1,None,
847,Vise,2021-05-18,United States,New York,2016,22,1,None,
53,Carta,2019-05-06,United States,San Francisco,2012,32,8,Acquired,1
64,National Stock Exchange of India,2020-07-01,India,Mumbai,1992,7,1,IPO,1
80,Easyhome,2018-02-12,China,Beijing,1999,12,1,IPO,1
81,Lianjia,2016-04-07,China,Beijing,2001,15,2,IPO,1
82,Vice Media,2011-04-02,United States,Brooklyn,1994,14,6,Acquired,1
93,Blockchain.com,2021-02-17,United Kingdom,London,2011,22,4,Acq,1
103,Howden Group Holdings,2020-09-29,United Kingdom,London,1994,4,3,Take,2
106,OakNorth Bank,2017-10-12,United Kingdom,London,2015,10,6,Acq,2
94,OneTrust,2019-07-11,United States,Atlanta,2016,5,3,None,
116,Creditas,2020-12-18,Brazil,Sao Paulo,2012,25,5,Acquired,1
123,Meizu Technology,2014-07-23,China,Zhuhai,2003,4,2,IPO,1
128,UBTECH Robotics,2016-07-25,China,Shenzhen,2012,22,7,IPO,1
145,Yello Mobile,2014-11-11,South Korea,Seoul,2012,8,6,Divestiture,1
147,Greensill,2018-07-16,United Kingdom,London,2011,2,2,Management,2
151,Patreon,2020-09-02,United States,San Francisco,2013,28,7,Acquired,1
154,Olive,2020-12-01,United States,Columbus,2012,16,4,Divestiture,1
206,Scopely,2019-10-29,United States,Culver City,2011,53,7,Acquired,1
228,BGL Group,2017-11-24,United Kingdom,Peterborough,1992,1,1,Divestiture,1
229,Circle,2018-05-15,United States,Boston,2013,34,6,Divestiture,3
261,Ovo,2019-03-14,Indonesia,Jakarta,2017,3,1,Acquired,1
286,Xinchao Media,2018-04-09,China,Chengdu,2007,8,4,IPO,1
293,Lenskart,2019-12-20,India,Faridabad,2008,18,9,Acquired,2
441,Harry's,2018-02-16,United States,New York,2013,25,5,Reverse,1
455,wefox,2019-03-05,Germany,Berlin,2014,36,3,Divestiture,1
563,Rebel Foods,2021-10-07,India,Pune,2011,18,7,None,
688,AppDirect,2015-10-07,United States,San Francisco,2009,10,5,Acquired,1
712,Fundbox,2021-11-30,United States,San Francisco,2013,34,4,Acq,1
748,iCarbonX,2016-04-12,China,Shenzhen,2015,3,1,Acq,3
770,Wacai,2018-07-18,China,Hangzhou,2009,12,2,Corporate,1
16,Ripple,2019-12-20,United States,San Francisco,2012,34,5,Acq,1
778,BitFury,2018-11-06,Netherlands,Amsterdam,2011,22,3,Acquired,2
792,SumUp,2019-07-16,United Kingdom,London,2011,18,2,Acquired,1
798,Hotmart,2020-03-17,Netherlands,Amsterdam,2011,6,1,Acquired,1
972,Klarna,2011-12-12,Sweden,Stockholm,2005,56,13,Acquired,1
973,Epic Games,2018-10-26,United States,Cary,1991,25,5,Acquired,2
4,FTX,2021-07-20,Bahamas,Fintech,2018,40,3,Acq,1
6,Chime,2019-03-05,United States,San Francisco,2013,24,9,Divestiture,1
107,Moon Active,2020-01-26,Israel,Tel Aviv,2015,10,6,Acq,2
679,LifeMiles,2015-07-13,Colombia,Bogota,2011,1,1,None,
51,Razorpay,2020-10-11,India,Bengaluru,2013,24,6,None,
52,Toss,2018-12-09,South Korea,Seoul,2013,17,6,None,
391,OCSiAl,2019-03-04,Luxembourg,Leudelange,2012,3,2,None,
55,Gong,2020-08-12,United States,Palo Alto,2015,13,4,None,
56,TripActions,2018-11-08,United States,Palo Alto,2015,13,6,None,
57,Gemini,2021-11-19,United States,New York,2015,15,1,None,
58,We Doctor,2015-09-22,China,Hangzhou,2010,16,3,None,
59,Discord,2018-04-20,United States,San Francisco,2012,28,10,None,
60,Ro,2020-07-27,United States,New York,2017,27,5,None,
61,Automation Anywhere,2018-07-02,United States,San Jose,2003,8,3,None,
62,1Password,2021-07-08,Canada,Toronto,2005,30,2,None,
63,Ziroom,2018-01-17,China,Beijing,2011,12,3,None,
65,Mollie,2020-09-08,Netherlands,Amsterdam,2004,12,2,None,
66,Rippling,2020-08-04,United States,San Francisco,2017,15,4,None,
67,DataRobot,2019-07-29,United States,Boston,2012,36,7,None,
68,Personio,2021-01-19,Germany,Munich,2015,17,4,None,
69,Upgrade,2018-02-12,United States,San Francisco,2016,23,5,None,
70,Hinge Health,2021-01-06,United States,San Francisco,2015,13,6,None,
71,Black Unicorn Factory,2021-05-20,United States,Los Angeles,2020,1,1,None,
72,Benchling,2021-04-14,United States,San Francisco,2012,29,5,None,
73,Royole Corporation,2015-08-18,China,Shenzhen,2012,32,4,None,
83,Cityblock Health,2020-12-10,United States,Brooklyn,2017,17,3,None,
84,Workato,2021-01-12,United States,Mountain View,2013,11,3,None,
85,Back Market,2021-05-18,France,Paris,2014,12,4,None,
86,RELEX Solutions,2022-02-17,Finland,Helsinki,2005,4,1,None,
87,Postman,2020-06-11,United States,San Francisco,2014,8,3,None,
88,FiveTran,2020-06-30,United States,Oakland,2012,8,3,None,
89,Pony.ai,2018-07-11,United States,Fremont,2016,25,7,None,
91,Rappi,2018-08-31,Colombia,Bogota,2015,35,5,None,
92,Collibra,2019-01-29,Belgium,Brussels,2008,13,6,None,
95,QuintoAndar,2019-09-09,Brazil,Campinas,2012,16,6,None,
96,United Imaging Healthcare,2017-09-15,China,Shanghai,2011,6,1,None,
97,Hello TransTech,2018-06-01,China,Shanghai,2016,13,3,None,
98,Deel,2021-04-21,United States,San Francisco,2018,19,3,None,
99,Airwallex,2019-03-25,Australia,Melbourne,2015,23,8,None,
100,Mambu,2021-01-06,Netherlands,Amsterdam,2011,10,4,None,
101,Horizon Robotics,2019-02-27,China,Beijing,2015,56,2,None,
102,WM Motor,2019-03-08,China,Shanghai,2015,35,1,None,
104,SambaNova Systems,2021-04-13,United States,Palo Alto,2017,10,2,None,
105,ZEPZ,2021-08-23,United Kingdom,London,2010,9,6,None,
108,OfBusiness,2021-07-31,India,Gurgaon,2015,14,6,None,
109,Cockroach Labs,2021-01-12,United States,New York,2015,17,5,None,
110,Qonto,2022-01-11,France,Paris,2016,17,3,None,
111,Ola Electric Mobility,2019-07-02,India,Bengaluru,2019,20,3,None,
112,Icertis,2019-07-17,United States,Bellevue,2009,12,6,None,
113,Hopper,2021-03-24,Canada,Montreal,2007,18,6,None,
114,Meesho,2021-04-05,India,Bengaluru,2015,26,5,None,
118,Anduril,2019-09-11,United States,Irvine,2017,14,4,None,
119,Lyra Health,2020-08-25,United States,Burlingame,2015,22,7,None,
120,Dataiku,2019-12-04,United States,New York,2013,16,5,None,
121,Checkr,2019-09-19,United States,San Francisco,2014,24,5,None,
122,Color,2021-01-04,United States,Burlingame,2013,25,5,None,
124,Vinted,2019-11-27,Lithuania,Vilnius,2008,9,5,None,
125,VIPKid,2016-08-04,China,Beijing,2013,12,3,None,
126,Socure,2021-03-16,United States,New York,2012,22,4,None,
129,Outreach,2019-04-16,United States,Seattle,2011,27,9,None,
130,WeRide,2020-12-23,China,Guangzhou,2017,30,6,None,
131,BetterUp,2021-02-25,United States,San Francisco,2013,18,4,None,
133,Arctic Wolf Networks,2020-10-22,United States,Eden Prairie,2012,14,4,None,
134,Sorare,2021-09-21,France,Paris,2019,24,1,None,
135,Relativity Space,2020-11-23,United States,Inglewood,2016,35,4,None,
136,Miaoshou Doctor,2019-06-27,China,Beijing,2015,21,4,None,
137,Chainalysis,2020-11-23,United States,New York,2014,25,4,None,
138,ThoughtSpot,2018-05-08,United States,Sunnyvale,2012,20,7,None,
139,Globalization Partners,2022-01-24,United States,Boston,2012,5,1,None,
141,Dataminr,2018-06-04,United States,New York,2009,35,6,None,
142,BitPanda,2021-03-16,Austria,Vienna,2014,12,2,None,
143,Weee!,2021-03-16,United States,Fremont,2015,14,3,None,
132,Ethos,2021-05-11,United States,San Francisco,2019,1,,None,
144,Houzz,2014-09-30,United States,Palo Alto,2008,18,5,None,
146,MEGVII,2017-10-31,China,Beijing,2011,18,6,None,
29,Global Switch,2016-12-22,United Kingdom,London,1998,6,2,None,
30,Celonis,2018-06-26,Germany,Munich,2011,13,4,None,
148,Impossible Foods,2019-05-13,United States,Redwood City,2011,38,7,None,
149,Radiology Partners,2019-07-19,United States,El Segundo,2012,4,1,None,
150,Next Insurance,2019-10-07,United States,Palo Alto,2016,17,6,None,
152,PointClickCare,2021-01-07,Canada,Mississauga,2000,3,1,None,
153,BrowserStack,2021-06-16,Ireland,Dublin,2011,3,2,None,
155,Rubrik,2017-04-28,United States,Palo Alto,2014,10,6,None,
156,Melio,2021-01-25,United States,New York,2018,13,2,None,
157,Vuori,2021-10-13,United States,Carlsbad,2015,23,8,None,
158,ClickUp,2020-12-15,United States,San Diego,2017,6,2,None,
160,Farmers Business Network,2020-08-03,United States,San Carlos,2014,21,5,None,
161,Branch,2018-09-10,United States,Redwood City,2014,15,5,None,
162,Aurora Solar,2021-05-24,United States,San Francisco,2013,9,2,None,
163,Medlinker,2018-07-31,China,Chengdu,2014,10,6,None,
164,Intarcia Therapeutics,2014-04-01,United States,Boston,1995,38,14,None,
165,StockX,2019-06-26,United States,Detroit,2016,30,4,None,
166,MessageBird,2020-10-08,Netherlands,Amsterdam,2011,15,3,None,
167,Guild Education,2019-11-13,United States,Denver,2015,25,5,None,
168,Articulate,2021-07-01,United States,New York,2015,25,5,None,
169,FalconX,2021-08-10,United States,San Mateo,2018,15,2,None,
170,Dutchie,2021-03-16,United States,Bend,2017,14,2,None,
171,Cohesity,2018-06-11,United States,San Jose,2013,22,6,None,
172,VAST Data,2020-04-16,United States,New York,2016,11,2,None,
173,GOAT,2020-09-23,United States,Culver City,2015,28,6,None,
174,Noom,2021-05-24,United States,New York,2006,28,3,None,
175,Redwood Materials,2021-07-28,United States,Carson City,2017,12,1,None,
176,Papaya Global,2021-03-04,United States,New York,2016,16,2,None,
177,ShareChat,2021-04-08,India,Bengaluru,2015,22,7,None,
178,Relativity,2021-03-18,United States,Chicago,2001,2,1,None,
179,Whoop,2020-10-28,United States,Boston,2012,36,6,None,
180,Applied Intuition,2020-10-22,United States,Sunnyvale,2017,21,2,None,
181,Course Hero,2020-02-12,United States,Redwood City,2006,17,4,None,
182,Otto Bock HealthCare,2017-06-24,Germany,Duderstadt,1919,2,1,None,
183,Indigo Ag,2017-09-26,United States,Boston,2014,10,5,None,
185,Rec Room,2021-03-23,United States,Seattle,2016,13,3,None,
186,Digit Insurance,2021-01-15,India,Bengaluru,2016,15,5,None,
187,Commure,2021-09-13,United States,San Francisco,2017,2,2,None,
189,Coalition,2021-03-16,United States,San Francisco,2017,14,4,None,
190,Tekion,2020-10-21,United States,San Ramon,2016,14,2,None,
191,Celsius Network,2021-10-12,United States,Hoboken,2017,4,3,None,
192,GoStudent,2021-06-22,Austria,Vienna,2017,13,3,None,
193,Highspot,2021-02-22,United States,Seattle,2013,13,5,None,
194,Handshake,2021-05-12,United States,San Francisco,2014,16,6,None,
195,ChargeBee Technologies,2021-04-20,United States,Walnut,2011,6,4,None,
196,Flock Safety,2021-07-13,United States,Atlanta,2017,15,2,None,
197,Unacademy,2020-09-02,India,Bengaluru,2015,34,9,None,
198,MoonPay,2021-11-22,United States,Miami,2019,6,1,None,
200,Youxia Motors,2018-04-02,China,Shanghai,2014,7,2,None,
201,OwnBackup,2021-01-28,United States,Englewood Cliffs,2015,12,4,None,
203,Cloudwalk,2018-10-08,China,Guangzhou,2015,38,1,None,
204,ECARX,2020-10-26,China,Wuhan,2016,6,3,None,
205,Sila Nanotechnologies,2019-04-16,United States,Alameda,2011,15,2,None,
208,Kurly,2021-07-09,South Korea,Seoul,2014,20,6,None,
209,Cars24,2020-11-24,India,Gurgaon,2015,30,5,None,
210,BlockDaemon,2021-09-21,United States,Los Angeles,2016,34,2,None,
211,Thumbtack,2015-09-29,United States,San Francisco,2008,26,9,None,
212,Cedar,2021-03-09,United States,New York,2016,16,3,None,
213,Eruditus Executive Education,2021-08-12,India,Mumbai,2010,13,5,None,
214,Blockstream,2021-08-24,Canada,Vancouver,2014,23,4,None,
215,ConsenSys,2021-11-17,United States,New York,2014,24,1,None,
216,Innovaccer,2021-02-19,United States,San Francisco,2014,27,4,None,
217,Ironclad,2022-01-18,United States,Sacramento,2014,10,3,None,
218,Skims,2021-04-09,United States,Los Angeles,2019,5,2,None,
220,SpotOn,2021-05-26,United States,San Francisco,2017,13,3,None,
221,Udaan,2018-09-04,India,Bengaluru,2016,21,5,None,
222,HighRadius,2020-01-07,United States,Houston,2006,11,2,None,
223,Nuvemshop,2021-08-17,Brazil,Sao Paulo,2011,24,2,None,
224,DailyHunt,2020-12-22,India,Bengaluru,2007,24,7,None,
225,Yixia,2015-11-24,China,Beijing,2011,10,2,None,
226,Traveloka,2017-01-01,Indonesia,Jakarta,2012,8,3,None,
227,SouChe Holdings,2017-11-01,China,Hangzhou,2012,22,2,None,
230,Zuoyebang,2018-07-18,China,Beijing,2014,17,2,None,
231,Delhivery,2019-02-27,India,Gurgaon,2011,16,5,None,
232,FlixMobility,2019-07-18,Germany,Munich,2013,16,3,None,
233,Wildlife Studios,2019-12-05,Brazil,Sao Paulo,2011,9,2,None,
234,ApplyBoard,2020-05-05,Canada,Kitchener,2015,19,3,None,
235,Forter,2020-11-19,United States,New York,2013,17,4,None,
236,Calendly,2021-01-26,United States,Atlanta,2013,4,1,None,
237,BlockFi,2021-03-11,United States,Jersey City,2017,44,3,None,
238,ActiveCampaign,2021-04-21,United States,Chicago,2003,4,1,None,
239,CMR Surgical,2019-09-17,United Kingdom,Cambridge,2014,14,4,None,
240,Lucid Software,2021-06-29,United States,South Jordan,2010,14,4,None,
241,Age of Learning,2016-05-03,United States,Glendale,2007,4,2,None,
242,Carbon Health,2021-07-21,United States,San Francisco,2015,36,2,None,
243,Contentful,2021-07-28,Germany,Berlin,2013,13,3,None,
244,LaunchDarkly,2021-07-28,United States,Oakland,2014,13,4,None,
245,Seismic,2018-12-18,United States,San Diego,2010,8,6,None,
246,Grafana Labs,2021-08-24,United States,New York,2014,5,1,None,
247,Gorillas,2021-03-25,Germany,Berlin,2020,14,2,None,
248,Sky Mavis,2021-10-04,Vietnam,Ho Chi Minh City,2019,18,1,None,
249,Outschool,2021-04-14,United States,San Francisco,2015,13,2,None,
250,TradingView,2021-10-14,United States,Westerville,2011,10,4,None,
251,Groww,2021-04-07,India,Bengaluru,2017,17,3,None,
252,Podium,2020-04-07,United States,Lehi,2014,12,4,None,
253,Via,2020-03-30,United States,New York,2012,23,6,None,
254,Anchorage Digital,2021-12-15,United States,San Francisco,2017,28,1,None,
255,Inxeption,2022-01-13,United States,San Francisco,2017,5,1,None,
256,Lattice,2021-03-23,United States,San Francisco,2015,17,6,None,
257,Flutterwave,2021-03-09,United States,San Francisco,2016,41,5,None,
258,Amber Group,2021-06-21,Hong Kong,Fintech,2015,18,3,None,
259,Kraken,2019-06-25,United States,San Francisco,2011,11,1,None,
262,Workrise,2019-09-30,United States,Austin,2014,16,5,None,
263,Loft,2020-01-03,Brazil,Sao Paulo,2018,34,4,None,
264,BharatPe,2021-07-30,India,New Delhi,2018,22,4,None,
265,DriveWealth,2021-08-20,United States,Chatham,2012,13,3,None,
38,Bolt,2018-05-29,Estonia,Tallinn,2013,37,3,None,
266,Flink,2021-12-01,Germany,Berlin,2021,10,1,None,
267,Meicai,2016-06-22,China,Beijing,2014,9,1,None,
268,ContentSquare,2021-05-25,France,Paris,2012,11,3,None,
269,Zipline,2019-05-20,United States,South San Francisco,2014,37,4,None,
270,Graphcore,2018-12-18,United Kingdom,Bristol,2016,29,5,None,
271,Illumio,2015-04-14,United States,Sunnyvale,2013,18,5,None,
272,Convoy,2018-09-21,United States,Seattle,2015,43,4,None,
304,Cybereason,2019-08-06,United States,Boston,2012,8,5,None,
273,MasterClass,2021-05-13,United States,San Francisco,2015,31,4,None,
274,Dream Games,2021-06-30,Turkey,Istanbul,2019,6,3,None,
275,Transmit Security,2021-06-22,Israel,Tel Aviv,2014,11,1,None,
276,Hozon Auto,2021-10-25,China,Shanghai,2014,13,2,None,
277,Tradeshift,2018-05-30,United States,San Francisco,2009,28,9,None,
278,Nextiva,2021-09-14,United States,Scottsdale,2008,2,1,None,
279,o9 Solutions,2020-04-28,United States,Dallas,2009,3,2,None,
280,ABL Space Systems,2021-03-25,United States,El Segundo,2017,9,2,None,
281,ManoMano,2021-07-05,France,Paris,2013,12,3,None,
282,Sourcegraph,2021-07-13,United States,San Francisco,2013,8,2,None,
283,Pendo,2019-10-17,United States,Raleigh,2013,18,4,None,
284,Plume,2021-02-23,United States,Palo Alto,2015,15,6,None,
285,Moglix,2021-05-17,Singapore,E-commerce & direct-to-consumer,2015,16,6,None,
287,PayFit,2022-01-06,United Kingdom,London,2016,13,3,None,
288,JumpCloud,2021-09-13,United States,Louisville,2012,20,4,None,
289,Vista Global,2017-08-23,United Arab Emirates,Dubai,2004,20,4,None,
290,BYTON,2018-04-20,China,Nanjing,2016,11,3,None,
291,Acronis,2019-09-18,Switzerland,Schaffhausen,2003,8,2,None,
292,Side,2021-03-22,United States,San Francisco,2017,10,2,None,
294,Infra.Market,2021-02-25,India,Thane,2016,26,2,None,
295,Varo Bank,2021-09-09,United States,San Francisco,2015,14,3,None,
296,Cato Networks,2020-11-17,Israel,Tel Aviv,2015,10,4,None,
297,Vercel,2021-06-23,United States,San Francisco,2015,16,2,None,
298,Sysdig,2021-04-28,United States,San Francisco,2013,12,4,None,
299,Zetwerk,2021-08-20,India,Bengaluru,2018,24,3,None,
300,Uniphore,2022-02-16,United States,Palo Alto,2008,25,3,None,
301,Somatus,2022-02-23,United States,McLean,2016,14,3,None,
302,Uala,2021-08-13,Argentina,Buenos Aires,2017,21,4,None,
303,Mobile Premier League,2021-09-15,India,Bengaluru,2018,30,3,None,
305,Cgtz,2017-02-21,China,Hangzhou,2014,4,1,None,
306,Star Charge,2021-05-19,China,Changzhou,2014,9,1,None,
307,Carbon,2015-08-20,United States,Redwood City,2013,24,5,None,
309,Exabeam,2021-06-01,United States,Foster City,2013,9,5,None,
310,BitSight Technologies,2021-09-13,United States,Boston,2013,9,5,None,
311,Trumid,2020-07-15,United States,New York,2014,22,5,None,
312,Project44,2021-06-01,United States,Chicago,2014,20,4,None,
313,Bought By Many,2021-06-01,United Kingdom,London,2012,8,3,None,
314,Jobandtalent,2021-12-01,Spain,Madrid,2009,20,3,None,
315,Aura,2021-06-09,United States,Burlington,2019,6,2,None,
316,WEMAKEPRICE,2015-09-09,South Korea,Seoul,2009,3,4,None,
317,Biren Technology,2020-08-18,China,Shanghai,2019,32,3,None,
318,Voodoo,2020-08-17,France,Paris,2013,3,2,None,
319,Uptake,2015-10-27,United States,Chicago,2014,8,4,None,
320,KeepTruckin,2019-04-23,United States,San Francisco,2013,8,5,None,
321,Skydance Media,2020-02-11,United States,Santa Monica,2010,4,1,None,
322,Greenlight,2020-09-24,United States,Atlanta,2014,22,3,None,
324,Odoo,2021-07-29,Belgium,Louvain-la-Neuve,2005,6,1,None,
325,MoMo,2021-12-10,Vietnam,Ho Chi Minh City,2013,10,3,None,
326,Ankorstore,2022-01-10,France,Paris,2019,9,1,None,
327,Zume,2018-11-01,United States,Mountain View,2015,6,3,None,
328,Algolia,2021-07-28,United States,San Francisco,2012,28,3,None,
329,Pattern,2021-10-06,United States,Lehi,2013,5,1,None,
330,MUSINSA,2019-11-11,South Korea,Seoul,2001,2,2,None,
331,Current,2021-04-27,United States,New York,2015,18,3,None,
332,Bitso,2021-05-05,Mexico,Mexico City,2014,22,2,None,
333,Gympass,2019-06-12,United States,New York,2012,10,2,None,
334,Reify Health,2021-08-10,United States,Boston,2012,8,2,None,
335,Dialpad,2020-10-06,United States,San Francisco,2011,15,7,None,
336,G7 Networks,2022-02-15,China,Beijing,2006,17,1,None,
337,BloomReach,2022-02-23,United States,Mountain View,2009,8,6,None,
338,Huaqin Telecom Technology,2019-10-08,China,Shanghai,2005,16,1,None,
339,Accelerant,2022-01-12,United Kingdom,Colchester,2018,5,1,None,
340,Hesai Tech,2020-08-01,China,Shanghai,2013,20,3,None,
342,Addepar,2021-06-15,United States,Mountain View,2009,18,5,None,
344,Neo4j,2021-06-17,United States,San Mateo,2007,18,4,None,
345,CloudWalk,2021-09-08,Brazil,Sao Paulo,2013,14,1,None,
347,FirstCry,2020-02-07,India,Pune,2010,15,6,None,
348,Eightfold.ai,2020-10-27,United States,Santa Clara,2016,6,3,None,
349,Webflow,2021-01-13,United States,San Francisco,2012,9,2,None,
350,Urban Company,2021-04-27,India,Gurgaon,2014,17,7,None,
352,Moveworks,2021-06-30,United States,Mountain View,2016,11,1,None,
353,Medable,2021-10-26,United States,Palo Alto,2013,13,2,None,
308,PolicyBazaar,2019-05-06,India,Gurgaon,2008,22,7,None,
355,GoCardless,2022-02-08,United Kingdom,London,2011,16,4,None,
356,Trendy Group International,2012-02-13,Hong Kong,Kowloon,1999,1,1,None,
357,Avant,2012-12-17,United States,Chicago,1973,14,6,None,
358,BlaBlaCar,2015-09-16,France,Paris,2006,13,6,None,
343,Afiniti,2017-04-14,Bermuda,Hamilton,2006,10,3,None,
359,HuiMin,2016-09-05,China,Beijing,2013,13,1,None,
360,Quora,2017-04-21,United States,Mountain View,2009,10,5,None,
361,Improbable,2017-05-11,United Kingdom,London,2012,7,4,None,
362,Preferred Networks,2018-05-17,Japan,Tokyo,2014,11,2,None,
363,Formlabs,2018-08-01,United States,Somerville,2011,24,6,None,
364,4Paradigm,2018-12-19,China,Beijing,2015,39,2,None,
365,Calm,2019-02-06,United States,San Francisco,2012,28,4,None,
366,Kaseya,2019-03-27,United States,Miami,2000,3,1,None,
367,Mafengwo,2019-05-23,China,Beijing,2010,13,1,None,
368,Druva,2019-06-20,United States,Sunnyvale,2007,16,4,None,
369,Kujiale,2019-10-25,China,Hangzhou,2011,15,5,None,
371,Keep,2020-05-19,China,Beijing,2014,11,2,None,
372,Redis Labs,2020-08-25,United States,Mountain View,2011,13,5,None,
373,Xingyun Group,2020-09-24,China,Shenzhen,2015,29,1,None,
374,Unqork,2020-10-06,United States,New York,2017,14,1,None,
375,Virta Health,2020-12-02,United States,San Francisco,2015,15,3,None,
377,Earnix,2021-02-21,Israel,Giv'atayim,2001,6,2,None,
378,Guoquan Shihui,2021-03-17,China,Shanghai,2017,9,2,None,
379,Arrail Dental,2021-04-13,China,Beijing,1999,15,7,None,
380,Clearco,2021-04-20,Canada,Toronto,2015,23,1,None,
381,Hive,2021-04-21,United States,San Francisco,2013,5,1,None,
382,KRY,2021-04-27,Sweden,Stockholm,2014,10,3,None,
384,Beisen,2021-05-11,China,Beijing,2002,18,2,None,
386,Iterable,2021-06-15,United States,San Francisco,2013,18,4,None,
387,Clip,2021-06-10,Mexico,Mexico City,2012,15,4,None,
388,Loggi,2019-06-05,Brazil,Sao Paulo,2013,15,4,None,
389,MURAL,2021-07-20,United States,San Francisco,2011,15,5,None,
390,Pagaya,2020-06-17,Israel,Tel Aviv,2015,15,3,None,
392,XtalPi,2021-08-11,China,Shenzhen,2014,30,3,None,
393,Divvy Homes,2021-08-13,United States,San Francisco,2017,16,1,None,
394,Apeel Sciences,2020-05-26,United States,Goleta,2012,25,6,None,
395,Opay,2021-08-23,Nigeria,Lagos,2018,13,1,None,
396,Aviatrix,2021-09-08,United States,Santa Clara,2014,12,4,None,
397,SmartNews,2019-08-05,Japan,Tokyo,2012,20,7,None,
398,Misfits Market,2021-04-21,United States,Pennsauken,2018,9,2,None,
399,Spring Health,2021-09-16,United States,New York,2016,25,3,None,
401,Advance Intelligence Group,2021-09-23,Singapore,Artificial intelligence,2016,13,1,None,
402,Modern Treasury,2021-10-06,United States,San Francisco,2018,5,1,None,
403,Magic Leap,2014-10-21,United States,Plantation,2010,26,7,None,
404,Tier,2021-10-25,Germany,Berlin,2018,20,2,None,
405,Aiven,2021-10-18,Finland,Helsinki,2016,14,2,None,
406,ClickHouse,2021-10-28,United States,Portola Valley,2021,11,1,None,
407,Mynt,2021-10-28,Philippines,Taguig City,2015,7,1,None,
408,Bunq,2021-06-18,Netherlands,Amsterdam,2013,1,1,None,
410,Zilch,2021-11-10,United Kingdom,London,2018,6,2,None,
411,VerbIT,2021-06-08,United States,New York,2016,23,2,None,
412,StarkWare,2021-11-17,Israel,Netanya,2018,20,1,None,
414,SWORD Health,2021-11-22,United States,New York,2015,20,2,None,
415,LTK,2021-11-22,United States,Dallas,2011,5,2,None,
416,Exotec,2022-01-17,France,Croix,2015,7,3,None,
417,Dremio,2021-01-06,United States,Santa Clara,2015,9,4,None,
418,Akulaku,2022-02-15,Indonesia,Jakarta,2014,15,3,None,
420,Fenbi Education,2021-02-07,China,Beijing,2015,8,1,None,
421,Starling Bank,2021-03-08,United Kingdom,London,2014,11,2,None,
422,Rokt,2021-12-16,United States,New York,2012,12,4,None,
423,InVision,2017-11-01,United States,New York,2011,9,5,None,
424,MX Technologies,2021-01-13,United States,Lehi,2010,31,2,None,
425,Aledade,2021-01-19,United States,Bethesda,2014,13,2,None,
426,CoinSwitch Kuber,2021-10-06,India,Bangalore,2017,7,2,None,
427,ENOVATE,2019-04-15,China,Shanghai,2015,1,1,None,
428,Retool,2021-12-22,United States,San Francisco,2000,2,1,None,
429,Automattic,2013-05-27,United States,San Francisco,2005,22,7,None,
430,ZocDoc,2015-08-20,United States,New York,2007,15,4,None,
432,FullStory,2021-08-04,United States,Atlanta,2014,9,4,None,
433,Lightricks,2019-07-31,Israel,Jerusalem,2013,16,3,None,
435,AIWAYS,2018-04-16,China,Shanghai,2017,10,1,None,
436,Trulioo,2021-06-07,Canada,Vancouver,2011,12,3,None,
437,Spinny,2021-11-24,India,Gurugram,2015,20,5,None,
438,Orca Security,2021-03-23,United States,Portland,2019,15,2,None,
439,CFGI,2021-09-15,United States,Boston,2000,2,1,None,
440,Apus Group,2015-01-16,China,Beijing,2014,6,2,None,
442,PAX,2018-10-22,United States,San Francisco,2007,10,3,None,
443,DispatchHealth,2021-03-03,United States,Denver,2013,9,2,None,
444,Unite Us,2021-03-17,United States,New York,2014,15,3,None,
445,CircleCI,2021-05-11,United States,San Francisco,2011,26,3,None,
446,Vestiaire Collective,2021-03-01,France,Paris,2009,17,4,None,
447,Dragos,2021-10-28,United States,Hanover,2016,13,2,None,
448,Reltio,2021-11-04,United States,Redwood City,2011,9,4,None,
449,H2O.ai,2021-11-07,United States,Mountain View,2011,21,4,None,
450,ZenBusiness,2021-11-09,United States,Austin,2015,19,1,None,
451,Carsome,2021-07-12,Malaysia,Selangor,2015,24,5,None,
32,Alchemy,2021-10-28,United States,San Francisco,2017,27,3,None,
33,Niantic,2017-11-24,United States,San Francisco,2015,22,5,None,
34,OYO Rooms,2018-09-25,India,Gurugram,2012,20,11,None,
452,Productboard,2022-02-02,United States,San Francisco,2014,13,4,None,
453,Spotter,2022-02-16,United States,Los Angeles,2019,6,1,None,
454,Alan,2021-04-19,France,Paris,2016,13,2,None,
457,Trader Interactive,2021-05-12,United States,Norfolk,2015,15,3,None,
458,Jusfoun Big Data,2018-07-09,China,Beijing,2010,27,3,None,
459,Transcarent,2022-01-11,United States,San Francisco,2020,15,1,None,
460,DealShare,2022-01-27,India,Bengaluru,2018,19,4,None,
461,solarisBank,2021-07-13,Germany,Berlin,2016,20,5,None,
462,Infinidat,2015-04-29,United States,Waltham,2011,6,3,None,
463,Cao Cao Mobility,2018-01-17,China,Hangzhou,2015,5,1,None,
464,Verkada,2020-01-29,United States,San Mateo,2016,7,3,None,
465,Clari,2021-03-03,United States,Sunnyvale,2012,15,4,None,
466,Tonal,2021-03-31,United States,San Francisco,2015,27,2,None,
467,Clio,2021-04-27,Canada,Burnaby,2008,10,2,None,
468,SafetyCulture,2021-05-03,Australia,Sydney,2004,12,6,None,
11,Yuanfudao,2017-05-31,China,Beijing,2012,18,7,Acquired,1
733,Snapdeal,2014-05-21,India,New Delhi,2008,25,7,Divestiture,2
7,BYJU's,2017-07-25,India,Bengaluru,2008,45,19,None,
8,Xiaohongshu,2016-03-31,China,Shanghai,2013,9,3,None,
409,Everlaw,2021-11-02,United States,Oakland,2010,7,5,None,
9,J&T Express,2021-04-07,Indonesia,Jakarta,2015,9,3,None,
10,Miro,2022-01-05,United States,San Francisco,2011,18,1,None,
469,Extend,2021-05-18,United States,San Francisco,2004,12,6,None,
470,Cognite,2021-05-19,Norway,Lysaker,2016,5,3,None,
471,ASAPP,2021-05-19,United States,New York,2014,13,2,None,
472,SmartHR,2021-06-08,Japan,Tokyo,2013,20,3,None,
473,Mercury,2021-07-03,United States,San Francisco,2019,39,2,None,
474,HomeLight,2021-09-02,United States,San Francisco,2012,19,5,None,
475,Truepill,2021-10-27,United States,Hayward,2016,12,2,None,
476,ezCater,2019-04-02,United States,Boston,2007,21,9,None,
478,Promasidor Holdings,2016-11-08,South Africa,Bryanston,1979,2,1,None,
479,Baiwang,2019-03-25,China,Beijing,2015,8,1,None,
480,Neon,2022-02-14,Brazil,Sao Paulo,2016,16,2,None,
481,Iluvatar CoreX,2021-03-01,China,Shanghai,2015,8,1,None,
482,Wenheyou,2021-04-17,China,Hunan,2013,7,2,None,
483,Loom,2021-05-20,United States,San Francisco,2016,15,2,None,
484,Ximalaya FM,2017-09-22,China,Shanghai,2012,11,2,None,
485,Mu Sigma,2013-02-07,United States,Northbrook,2004,8,4,None,
487,Mofang Living,2016-04-13,China,Shanghai,2009,4,1,None,
488,Gett,2016-05-24,United Kingdom,London,2010,11,9,None,
489,DT Dream,2017-06-08,China,Hangzhou,2015,5,2,None,
502,Next Silicon,2021-06-14,Israel,Tel Aviv,2018,9,1,None,
490,XiaoZhu,2017-11-01,China,Beijing,2012,12,1,None,
491,JOLLY Information Technology,2018-05-29,China,Hangzhou,2008,10,1,None,
492,Yijiupi,2018-09-20,China,Beijing,2014,13,3,None,
494,Collective Health,2019-06-17,United States,San Francisco,2013,27,4,None,
495,Strava,2020-11-16,United States,San Francisco,2009,7,6,None,
496,Zenoti,2020-12-15,United States,Bellevue,2010,9,4,None,
497,K Health,2021-01-19,United States,New York,2016,19,1,None,
498,ID.me,2021-03-19,United States,McLean,2010,31,3,None,
499,Snapdocs,2021-05-25,United States,San Francisco,2012,13,1,None,
500,Chipper Cash,2021-06-01,United States,San Francisco,2017,15,3,None,
501,Ledger,2021-06-10,France,Paris,2014,46,4,None,
503,YunQuNa,2021-06-29,China,Shanghai,2015,10,1,None,
504,Impact,2021-07-13,United States,Santa Barbara,2008,6,2,None,
505,SmartRecruiters,2021-07-20,United States,San Francisco,2010,7,4,None,
506,NotCo,2021-07-26,Chile,Santiago,2015,18,1,None,
507,Culture Amp,2021-07-29,Australia,Richmond,2011,12,4,None,
508,TaxBit,2021-08-04,United States,Draper,2018,21,1,None,
509,Pacaso,2021-03-24,United States,Cincinnati,2020,16,2,None,
510,1047 Games,2021-09-14,United States,Zephyr Cove,2017,10,1,None,
511,Matillion,2021-09-15,United Kingdom,Altrincham,2011,8,2,None,
512,Persona,2021-09-15,United States,San Francisco,2018,6,1,None,
513,Whatnot,2021-09-16,United States,Marina del Rey,2019,22,1,None,
514,Ascend Money,2021-09-27,Thailand,Bangkok,2013,3,1,None,
516,Built,2021-09-30,United States,Nashville,2015,22,3,None,
517,candy.com,2021-10-21,United States,New York,2021,9,1,None,
518,Devo,2021-10-26,United States,Cambridge,2011,10,3,None,
519,CoinList,2021-10-15,United States,San Francisco,2017,21,2,None,
520,Lusha,2021-11-10,United States,New York,2016,2,1,None,
521,CureFit,2021-11-10,India,Bengaluru,2016,42,5,None,
522,Solugen,2021-09-10,United States,Houston,2016,20,1,None,
523,Symphony,2017-05-16,United States,New York,2014,26,4,None,
524,Olist,2021-12-15,Brazil,Curitiba,2015,13,2,None,
12,DJI Innovations,2015-01-23,China,Shenzhen,2006,7,3,None,
13,SHEIN,2018-07-03,China,Shenzhen,2008,8,3,None,
14,goPuff,2020-10-08,United States,Philadelphia,2013,16,4,None,
525,Paradox,2021-12-27,United States,Scottsdale,2016,14,1,None,
526,Airbyte,2021-12-17,United States,San Francisco,2020,14,1,None,
527,StoreDot,2022-01-04,Israel,Herzliya,2012,14,4,None,
528,Il Makiage,2022-01-10,United States,New York,2018,5,1,None,
31,Bolt,2021-10-08,United States,San Francisco,2013,,,,
529,Spendesk,2022-01-18,France,Paris,2015,14,2,None,
530,Veriff,2022-01-26,Estonia,Tallinn,2015,15,2,None,
531,Athelas,2022-01-31,United States,Mountain View,2016,11,1,None,
532,ElasticRun,2022-02-07,India,Pune,2016,9,4,None,
533,Veho,2021-12-21,United States,Boulder,2016,12,2,None,
534,Temporal,2022-02-16,United States,Bellevue,2019,5,1,None,
35,Rapyd,2019-12-03,United Kingdom,London,2016,21,4,None,
36,Kavak,2020-10-01,Mexico,Lerma de Villada,2016,16,4,None,
37,Nuro,2019-02-11,United States,Mountain View,2016,11,4,None,
538,Coocaa,2018-03-16,China,Shenzhen,2006,4,3,None,
541,Gymshark,2020-08-14,United Kingdom,Solihull,2012,1,1,None,
542,Zeta,2021-05-24,United States,San Francisco,2015,5,3,None,
543,M1 Finance,2021-07-14,United States,Chicago,2015,7,3,None,
544,Aleo,2022-02-07,United States,San Francisco,2019,18,1,None,
545,Einride,2021-12-31,Sweden,Stockholm,2016,20,4,None,
546,Justworks,2020-01-28,United States,New York,2012,9,3,None,
548,Papa,2021-11-04,United States,Miami,2016,14,1,None,
549,Figment,2021-12-20,Canada,Toronto,2018,24,2,None,
550,Envoy,2022-01-11,United States,San Francisco,2013,15,2,None,
551,Deliverect,2022-01-24,Belgium,Ghent,2018,8,1,None,
552,SparkCognition,2022-01-25,United States,Austin,2013,34,4,None,
553,Firebolt,2022-01-26,Israel,Tel Aviv,2019,9,1,None,
554,Koudai,2014-10-23,China,Beijing,2010,11,1,None,
556,Cabify,2018-01-22,Spain,Madrid,2011,22,4,None,
557,Hive Box,2018-01-23,China,Shenzhen,2015,16,2,None,
559,Away,2019-05-15,United States,New York,2015,11,4,None,
560,Kong,2020-12-31,United States,San Francisco,2007,17,3,None,
561,Epidemic Sound,2021-03-11,Sweden,Stockholm,2009,9,6,None,
562,Yotpo,2021-03-18,United States,New York,2011,20,3,None,
564,Five Star Business Finance,2021-03-26,India,Chennai,1984,7,4,None,
565,Stash,2021-02-03,United States,New York,2015,13,6,None,
566,Phenom People,2021-04-07,United States,Ambler,2011,13,3,None,
567,GupShup,2021-04-08,United States,San Francisco,2011,13,3,None,
569,Astranis Space Technologies,2021-04-14,United States,San Francisco,2015,26,2,None,
570,Scalable Capital,2021-06-08,Germany,Munich,2014,10,4,None,
571,VideoAmp,2021-10-21,United States,Los Angeles,2014,18,3,None,
572,Panther Labs,2021-12-02,United States,San Francisco,2018,8,1,None,
573,Salt Security,2022-02-10,United States,Palo Alto,2016,14,2,None,
574,Tripledot Studios,2022-02-14,United Kingdom,London,2017,5,2,None,
576,Klook,2018-08-07,Hong Kong,Central,2014,14,3,None,
577,Yaoshibang,2021-06-15,China,Guangzhou,2015,15,2,None,
578,At-Bay,2021-07-27,United States,Mountain View,2016,11,2,None,
579,Alloy,2021-09-30,United States,New York,2015,12,1,None,
580,Epirus,2022-02-14,United States,Hawthorne,2018,18,1,None,
581,Signifyd,2021-04-15,United States,San Jose,2011,19,7,None,
582,Motorway,2021-11-29,United Kingdom,London,2017,10,1,None,
583,RIDI,2022-02-28,South Korea,Seoul,2008,14,5,None,
584,Flipboard,2015-07-22,United States,Palo Alto,2010,19,5,None,
585,Grove Collaborative,2019-09-06,United States,San Francisco,2016,21,5,None,
586,Tongdun Technology,2019-04-25,China,Hangzhou,2013,17,5,None,
587,Athletic Greens,2022-01-25,United States,New York,2010,33,1,None,
588,Unisound,2018-07-19,China,Beijing,2012,15,3,None,
589,Alzheon,2020-09-30,United States,Framingham,2013,4,2,None,
590,HeartFlow,2017-12-04,United States,Redwood City,2007,12,9,None,
591,Trax,2019-07-22,Singapore,Artificial intelligence,2010,10,5,None,
592,InSightec,2020-03-06,Israel,Tirat Carmel,1999,11,3,None,
594,Everly Health,2020-12-03,United States,Austin,2015,18,3,None,
595,Manner,2020-12-24,China,Shanghai,2015,6,2,None,
596,TalkingData,2021-01-06,China,Beijing,2013,7,1,None,
598,Konfio,2021-09-29,Mexico,Mexico City,2013,16,3,None,
600,Flock Freight,2021-10-20,United States,Encinitas,2015,9,2,None,
601,YugaByte,2021-10-28,United States,Sunnyvale,2016,10,3,None,
602,Lukka,2022-01-14,United States,New York,2014,13,4,None,
604,iTrustCapital,2022-01-11,United States,Long Beach,2018,2,1,None,
605,Domestika,2022-01-27,United States,Berkeley,2012,2,2,None,
606,CoinTracker,2022-01-27,United States,San Francisco,2017,17,1,None,
607,Loadsmart,2022-02-01,United States,New York,2014,10,2,None,
608,TUNGEE,2021-12-15,China,Guangzhou,2016,9,1,None,
609,Starry,2018-07-03,United States,Boston,2014,7,4,None,
610,Intercom,2018-03-27,United States,San Francisco,2011,20,5,None,
611,OVO Energy,2019-02-14,United Kingdom,Bristol,2009,2,2,None,
612,Huisuanzhang,2021-05-24,China,Beijing,2015,15,3,None,
613,BigID,2020-12-16,United States,New York,2015,19,4,None,
614,Kuaikan Manhua,2017-12-01,China,Beijing,2014,14,3,None,
593,GPclub,2018-10-22,South Korea,Seoul,2003,1,1,None,
615,Marshmallow,2021-09-08,United Kingdom,London,2017,6,2,None,
616,Honor Technology,2021-10-05,United States,San Francisco,2014,53,4,None,
617,Mythical Games,2021-11-04,United States,Sherman Oaks,2018,31,1,None,
618,Incode Technologies,2021-12-07,United States,San Francisco,2015,12,1,None,
619,Tackle.io,2021-12-21,United States,Boise,2016,4,1,None,
620,Flipdish,2022-01-13,Ireland,Dublin,2015,6,1,None,
621,Route,2022-01-21,United States,Lehi,2018,11,1,None,
622,CaptivateIQ,2022-01-26,United States,San Francisco,2014,8,1,None,
623,BrewDog,2017-04-10,United Kingdom,Aberdeen,2007,4,1,None,
624,Enflame,2021-01-05,China,Shanghai,2018,18,1,None,
625,EQRx,2021-01-11,United States,Cambridge,2020,8,1,None,
626,Nexii,2021-09-08,Canada,Vancouver,2020,4,2,None,
628,Spiber,2021-09-08,Japan,Tsuruoka,2007,22,2,None,
629,Insider,2022-02-28,Turkey,Istanbul,2012,9,3,None,
631,Glossier,2019-03-19,United States,New York,2014,16,3,None,
632,Workhuman,2020-06-23,Ireland,Dublin,1999,3,3,None,
568,Degreed,2021-04-13,United States,Pleasanton,2012,14,3,None,
634,Tealium,2021-02-03,United States,San Diego,2008,15,8,None,
635,Public,2021-02-17,United States,New York,2008,15,8,None,
636,Axonius,2021-03-01,United States,New York,2017,14,1,None,
637,Savage X Fenty,2021-03-16,United States,El Segundo,2018,9,1,None,
638,Pipa Coding,2021-03-25,China,Beijing,2017,11,2,None,
639,Aibee,2021-04-13,China,Beijing,2017,22,3,None,
640,Cava Group,2021-04-27,United States,Washington,2010,8,3,None,
641,Vectra Networks,2021-04-29,United States,San Jose,2011,15,4,None,
642,Ada Support,2021-05-07,Canada,Toronto,2016,11,1,None,
643,Inari,2021-05-12,United States,Cambridge,2016,10,2,None,
644,Alation,2021-06-03,United States,Redwood City,2012,16,4,None,
645,Forto,2021-06-21,Germany,Berlin,2016,20,3,None,
646,SmartMore,2021-06-24,China,Shenzhen,2019,10,1,None,
647,Rohlik,2021-07-01,Czech Republic,Prague,2019,10,1,None,
648,Prime Medicine,2021-07-13,United States,Cambridge,2019,11,1,None,
649,FloQast,2021-07-21,United States,Los Angeles,2013,11,3,None,
650,MindTickle,2021-08-03,United States,San Francisco,2012,9,5,None,
651,UpGrad,2021-08-09,India,Mumbai,2015,5,3,None,
652,DailyPay,2021-05-18,United States,New York,2016,8,3,None,
653,Oda,2021-06-02,Norway,Oslo,2013,10,6,None,
654,Offchain Labs,2021-08-31,United States,Princeton,2018,12,1,None,
655,Copado,2021-09-13,United States,Chicago,2013,10,3,None,
656,Gem,2021-09-28,United States,San Francisco,2017,5,1,None,
657,CarDekho,2021-10-13,India,Jaipur,2008,22,6,None,
658,MyGlamm,2021-11-10,India,Mumbai,2015,18,6,None,
659,AgentSync,2021-12-07,United States,Denver,2018,12,3,None,
660,Pristyn Care,2021-12-07,India,Gurugram,2018,16,2,None,
662,Merama,2021-12-09,Mexico,Mexico City,2020,12,3,None,
663,SeekOut,2022-01-12,United States,Bellevue,2017,4,2,None,
664,BigPanda,2022-01-12,United States,Mountain View,2012,11,4,None,
665,Phantom,2022-01-31,United States,San Francisco,2021,9,1,None,
666,LivSpace,2022-02-08,India,Bengaluru,2015,21,3,None,
667,Xpressbees,2022-02-09,India,Pune,2012,13,3,None,
668,Helium Systems,2022-02-22,United States,San Francisco,2013,16,3,None,
669,Xendit,2021-09-14,Indonesia,Jakarta,2014,8,1,None,
670,CloudBees,2021-12-09,United States,San Jose,2010,11,5,None,
671,L&P Cosmetic,2016-01-01,South Korea,Seoul,2009,4,4,None,
673,Luoji Siwei,2017-07-20,China,Beijing,2012,8,2,None,
674,Yimidida,2019-01-14,China,Shanghai,2015,14,2,None,
675,Modern Health,2021-02-11,United States,San Francisco,2017,16,1,None,
676,IRL,2021-06-15,United States,San Francisco,2017,12,2,None,
677,Tuhu,2018-09-15,China,Shanghai,2011,19,2,None,
678,SVOLT,2020-06-08,China,Changzhou,2018,30,2,None,
680,Venafi,2020-12-10,United States,Salt Lake City,2000,13,4,None,
681,Guideline,2021-06-16,United States,San Mateo,2015,14,4,None,
682,Rebellion Defense,2021-09-16,United States,Washington DC,2019,8,1,None,
683,Happy Money,2022-02-08,United States,Tustin,2009,13,6,None,
684,Doctolib,2019-03-19,France,Paris,2013,12,3,None,
685,STORD,2021-09-13,United States,Atlanta,2015,20,2,None,
686,TELD,2019-12-16,China,Qingdao,2014,9,1,None,
687,TangoMe,2014-03-20,United States,Mountain View,2009,15,4,None,
691,Eat Just,2017-11-30,United States,San Francisco,2011,34,6,None,
692,GetYourGuide,2019-05-16,Germany,Berlin,2009,22,3,None,
693,Ivalua,2019-05-21,United States,Redwood City,2000,4,1,None,
694,Sisense,2020-01-09,United States,New York,2004,10,5,None,
969,Bytedance,2017-04-07,China,Beijing,2012,28,8,IPO,5
993,Swiggy,2018-06-21,India,Bengaluru,2014,36,12,Acquired,1
971,Stripe,2014-01-23,United States,San Francisco,2010,39,12,Asset,1
768,Movile,2018-07-12,Brazil,Sao Paulo,1998,4,,Acquired,2
695,Pharmapacks,2020-11-12,United States,Islandia,2010,10,1,None,
696,Sennder,2021-01-14,Germany,Berlin,2015,14,3,None,
697,Nexthink,2021-02-08,Switzerland,Prilly,2004,13,2,None,
698,Zego,2021-03-09,United Kingdom,London,2016,9,2,None,
699,Rightway,2021-03-30,United States,New York,2017,4,1,None,
700,Sunbit,2021-05-20,United States,Los Angeles,2016,8,1,None,
701,G2,2021-06-22,United States,Chicago,2012,20,6,None,
702,Hailo,2021-06-23,Israel,Tel Aviv,2017,18,2,None,
703,People.ai,2021-08-11,United States,San Francisco,2017,18,2,None,
704,CoinDCX,2021-08-10,India,Maharashtra,2017,17,1,None,
705,Carousell,2021-09-15,Singapore,E-commerce & direct-to-consumer,2012,16,7,None,
706,apna,2021-09-15,India,Bengaluru,2019,9,2,None,
707,Karat,2021-10-13,United States,Seattle,2014,8,2,None,
708,Enpal,2021-10-18,Germany,Berlin,2017,19,2,None,
709,Acko General Insurance,2021-10-18,India,Bengaluru,2016,22,4,None,
710,Daily Harvest,2021-11-16,United States,New York,2014,15,2,None,
711,The Bank of London,2021-11-30,United Kingdom,London,2018,3,1,None,
713,Turing,2021-12-20,United States,Palo Alto,2018,91,1,None,
714,GlobalBees,2021-12-28,India,New Delhi,2021,8,1,None,
715,LEAD School,2022-01-13,India,Andheri,2012,6,1,None,
716,eSentire,2022-02-22,Canada,Waterloo,2001,12,2,None,
717,Beyond Identity,2022-02-22,United States,New York,2019,7,1,None,
718,Nxin,2018-09-18,China,Beijing,2015,5,1,None,
719,UISEE Technology,2021-01-25,China,Beijing,2016,15,1,None,
720,Rubicon,2017-08-25,United States,Atlanta,2008,17,7,None,
722,Rivigo,2019-07-11,India,Gurgaon,2014,7,7,None,
723,Mamaearth,2021-12-28,India,Gurgaon,2016,11,3,None,
724,Jiuxian,2015-07-30,China,Beijing,2009,8,3,None,
725,Instabase,2019-10-21,United States,San Francisco,2015,9,3,None,
726,Sendbird,2021-04-06,United States,San Mateo,2013,16,2,None,
727,Density,2021-11-10,United States,San Francisco,2014,22,2,None,
773,Tresata,2018-10-10,United States,Charlotte,2011,2,1,None,
728,Mixpanel,2021-11-15,United States,San Francisco,2009,10,3,None,
729,Aprogen,2019-05-31,South Korea,Seongnam-Si,2000,2,3,None,
730,OrCam Technologies,2018-02-20,Israel,Jerusalem,2010,5,2,None,
731,Leap Motor,2018-11-20,China,Hangzhou,2015,20,1,None,
732,Lookout,2013-10-10,United States,San Francisco,2007,26,7,None,
734,TechStyle Fashion Group,2014-08-29,United States,El Segundo,2010,11,5,None,
735,InMobi,2014-12-02,India,Bengaluru,2007,8,4,None,
736,Red Ventures,2015-01-07,United States,Fort Mill,2000,2,1,None,
737,BeiBei,2015-01-22,China,Hangzhou,2011,6,1,None,
738,Lamabang,2015-03-06,China,Shenzhen,2011,6,1,None,
739,BenevolentAI,2015-06-02,United Kingdom,London,2013,7,4,None,
740,FXiaoKe,2015-07-02,China,Beijing,2011,14,2,None,
741,Vox Media,2015-08-12,United States,Washington,2011,9,8,None,
742,Mia.com,2015-09-08,China,Beijing,2011,6,1,None,
743,58 Daojia,2015-10-12,China,Beijing,2014,3,1,None,
744,Womai,2015-10-12,China,Beijing,2009,5,1,None,
745,HuJiang,2015-10-29,China,Shanghai,2001,3,1,None,
746,iTutorGroup,2015-11-18,China,Shanghai,1998,10,1,None,
747,MindMaze,2016-01-28,Switzerland,Lausanne,2012,5,3,None,
749,SMS Assist,2016-06-07,United States,Chicago,2003,3,3,None,
752,Zhuan Zhuan,2017-04-18,China,Beijing,2015,7,1,None,
753,Modernizing Medicine,2017-05-10,United States,Boca Raton,2010,6,4,None,
754,Zhaogang,2017-06-29,China,Shanghai,2012,9,2,None,
755,DianRong,2017-08-02,China,Shanghai,2012,16,1,None,
756,Cell C,2017-08-07,South Africa,Midrand,2000,2,2,None,
757,YH Global,2017-09-21,China,Shenzhen,1997,8,1,None,
759,WeLab,2017-11-08,Hong Kong,Fintech,2013,13,3,None,
760,Maimai,2017-11-15,China,Beijing,2013,5,4,None,
761,Dxy.cn,2018-04-10,China,Hangzhou,2000,5,1,None,
762,Orbbec Technology,2018-05-21,China,Shenzhen,2013,8,1,None,
763,HMD Global,2018-05-21,Finland,Espoo,2016,6,1,None,
764,Huike Group,2018-05-24,China,Beijing,2010,4,1,None,
765,China Cloud,2018-06-11,China,Wuxi,2010,31,1,None,
766,LinkDoc Technology,2018-07-05,China,Beijing,2014,10,1,None,
767,MediaMath,2018-07-10,United States,New York,2007,14,6,None,
769,Pat McGrath Labs,2018-07-16,United States,New York,2016,2,1,None,
15,Yuanqi Senlin,2020-03-01,China,Beijing,2016,13,3,None,
771,FlashEx,2018-08-27,China,Beijing,2014,22,1,None,
772,Banma Network Technologies,2018-09-13,China,Shanghai,2015,5,1,None,
774,Momenta,2018-10-17,China,Beijing,2016,28,1,None,
775,Hosjoy,2018-10-18,China,Nanjing,2009,7,1,None,
39,Lacework,2021-01-07,United States,San Jose,2015,19,4,None,
40,Tipalti,2020-10-06,United States,San Mateo,2010,10,5,None,
776,Omio,2018-10-23,Germany,Berlin,2013,22,3,None,
777,TERMINUS Technology,2018-10-25,China,Beijing,2015,8,4,None,
780,Geek+,2018-11-21,China,Beijing,2015,9,1,None,
783,Ynsect,2019-02-21,France,Evry,2011,20,1,None,
784,Intellifusion,2019-03-22,China,Shenzhen,2014,36,1,None,
785,Liquid,2019-04-03,Japan,Tokyo,2014,8,2,None,
787,VTS,2019-05-07,United States,New York,2012,17,5,None,
789,KnowBox,2019-05-30,China,Beijing,2014,13,2,None,
535,Fabric,2022-02-24,United States,Bellevue,1999,,,,
346,NuCom Group,2018-02-22,Germany,Unterfoehring,2016,1,1,Acquired,1
790,Yanolja,2019-06-10,South Korea,Seoul,2005,11,4,None,
791,Meero,2019-06-18,France,Paris,2016,10,3,None,
793,Ibotta,2019-08-06,United States,Denver,2011,19,3,None,
794,C2FO,2019-08-07,United States,Leawood,2008,14,7,None,
795,EBANX,2019-10-16,Brazil,Curitiba,2012,3,1,None,
796,KK Group,2019-10-23,China,Dongguan,2014,15,2,None,
797,Alto Pharmacy,2020-01-30,United States,San Francisco,2015,11,2,None,
799,Emerging Markets Property Group,2020-04-28,United Arab Emirates,Dubai,2015,3,1,None,
800,Quizlet,2020-05-13,United States,San Francisco,2005,8,3,None,
801,Orca Bio,2020-06-17,United States,Menlo Park,2016,7,1,None,
802,Newlink Group,2020-07-10,China,Beijing,2016,30,1,None,
803,Infobip,2020-07-30,Croatia,Vodnjan,2006,3,1,None,
804,Zwift,2020-09-16,United States,Long Beach,2014,13,2,None,
805,Playco,2020-09-21,Japan,Tokyo,2020,9,1,None,
806,Gousto,2020-11-03,United Kingdom,London,2012,16,4,None,
807,Boom Supersonic,2020-12-16,United States,Englewood,2014,22,2,None,
808,Qualia,2020-12-21,United States,San Francisco,2015,7,3,None,
809,Quantum Metric,2021-01-07,United States,Colorado Springs,2015,6,2,None,
810,News Break,2021-01-07,United States,Mountain View,2015,5,3,None,
812,PPRO,2021-01-19,United Kingdom,London,2006,9,1,None,
813,Splashtop,2021-01-27,United States,San Jose,2006,18,4,None,
814,DriveNets,2021-01-27,Israel,Ra'anana,2015,10,1,None,
815,Flash Express,2021-02-01,Thailand,Bangkok,2017,10,2,None,
816,Axiom Space,2021-02-16,United States,Houston,2016,12,1,None,
817,Locus Robotics,2021-02-17,United States,Wilmington,2014,8,3,None,
818,Standard,2021-02-17,United States,San Francisco,2017,11,3,None,
819,Sentry,2021-02-18,United States,San Francisco,2011,5,3,None,
820,WeBull,2021-02-18,China,Changsha,2016,7,2,None,
821,Skydio,2021-02-25,United States,Redwood City,2014,12,4,None,
822,Newsela,2021-02-25,United States,New York,2013,32,3,None,
823,Aqua Security,2021-03-10,Israel,Ramat Gan,2015,9,3,None,
824,PatSnap,2021-03-16,Singapore,Internet software & services,2007,10,3,None,
825,Evidation,2021-03-22,United States,San Mateo,2012,15,4,None,
826,Sidecar Health,2021-01-26,United States,El Segundo,2018,10,1,None,
827,Feedzai,2021-03-24,United States,San Mateo,2009,10,3,None,
828,Yunxuetang,2021-03-29,China,Suzhou,2011,9,1,None,
779,iFood,2018-11-13,Brazil,Osasco,2011,6,2,None,
829,Cameo,2021-03-30,United States,Chicago,2016,20,2,None,
830,Fetch Rewards,2021-03-31,United States,Madison,2014,12,3,None,
831,The Zebra,2021-04-12,United States,Austin,2012,11,5,None,
832,Clearcover,2021-04-13,United States,Chicago,2016,10,2,None,
833,Groq,2021-04-14,United States,Mountain View,2016,14,3,None,
834,Fiture,2021-04-14,China,Chengdu,2019,15,1,None,
835,Injective Protocol,2021-04-20,United States,New York,2018,12,1,None,
836,Sift,2021-04-22,United States,San Francisco,2011,20,4,None,
837,MOLOCO,2021-04-29,United States,Redwood City,2013,8,3,None,
838,Mux,2021-04-30,United States,San Francisco,2015,20,2,None,
839,XForcePlus,2021-06-01,China,Shanghai,2015,12,2,None,
840,Firefly Aerospace,2021-05-04,United States,Cedar Park,2014,12,3,None,
841,HoneyBook,2021-05-04,United States,San Francisco,2013,23,5,None,
843,TensTorrent,2021-05-05,Canada,Toronto,2016,4,1,None,
844,Zihaiguo,2021-05-06,China,Chongqing,2018,5,2,None,
845,Forte Labs,2021-05-12,United States,San Francisco,2018,5,2,None,
846,Axtria,2021-05-13,United States,Berkeley Heights,2009,9,3,None,
849,Shippo,2021-06-02,United States,San Francisco,2013,16,6,None,
850,Thirty Madison,2021-06-02,United States,New York,1993,2,1,None,
851,LetsGetChecked,2021-06-07,Ireland,Dublin,2015,10,2,None,
852,EcoFlow,2021-06-10,China,Shenzhen,2017,13,1,None,
853,Carro,2021-06-14,Singapore,E-commerce & direct-to-consumer,2015,31,4,None,
854,Tractable,2021-06-16,United Kingdom,London,2014,10,3,None,
855,Bringg,2021-06-16,Israel,Tel Aviv,2013,14,3,None,
856,Claroty,2021-06-17,United States,New York,2015,22,3,None,
857,JoyTunes,2021-06-21,Israel,Tel Aviv,2011,10,3,None,
858,Aircall,2021-06-23,United States,New York,2014,15,3,None,
859,SmartAsset,2021-06-24,United States,New York,2012,17,4,None,
860,Morning Consult,2021-06-08,United States,Washington DC,2014,3,2,None,
861,Visier,2021-06-29,Canada,Vancouver,2010,5,3,None,
862,ShipBob,2021-06-29,United States,Chicago,2014,13,3,None,
863,Blinkit,2021-06-30,India,Gurgaon,2013,9,9,None,
17,Plaid,2018-12-11,United States,San Francisco,2012,24,5,None,
864,Kitopi,2021-07-01,United Arab Emirates,Dubai,2018,17,1,None,
865,bolttech,2021-07-01,Singapore,Fintech,2018,17,1,None,
866,MobileCoin,2021-07-07,United States,San Francisco,2018,12,1,None,
867,Lunar,2021-07-12,Denmark,Aarhus,2015,18,1,None,
41,Tempus,2018-03-21,United States,Chicago,2015,10,6,None,
869,Remote,2021-07-13,United States,San Francisco,2016,15,3,None,
872,GO1,2021-07-19,Australia,Brisbane,2015,23,3,None,
875,NIUM,2021-07-13,Singapore,Fintech,2014,22,3,None,
876,Unico,2021-08-03,Brazil,Sao Paulo,2007,5,1,None,
877,Human Interest,2021-08-04,United States,San Francisco,2015,26,3,None,
878,Bluecore,2021-08-05,United States,New York,2013,8,4,None,
879,Freshbooks,2021-08-10,Canada,Toronto,2004,9,3,None,
880,Snorkel AI,2021-08-09,United States,Palo Alto,2019,10,1,None,
881,Gelato,2021-08-16,Norway,Oslo,2007,9,4,None,
882,Maven Clinic,2021-08-17,United States,New York,2014,26,3,None,
883,Dunamu,2021-07-22,South Korea,Seoul,2012,10,2,None,
884,Shield AI,2021-08-24,United States,San Diego,2015,6,2,None,
885,1KMXC,2021-08-30,China,Hangzhou,2014,8,3,None,
886,Cider,2021-09-02,Hong Kong,E-commerce & direct-to-consumer,2020,8,2,None,
887,Berlin Brands Group,2021-09-01,Germany,Berlin,2005,2,1,None,
888,Agile Robots,2021-09-09,Germany,Munich,2018,14,1,None,
889,GrubMarket,2021-09-14,United States,San Francisco,2013,55,5,None,
890,TrueLayer,2021-09-21,United Kingdom,London,2016,17,3,None,
892,PandaDoc,2021-09-22,United States,San Francisco,2016,17,3,None,
893,Keenon Robotics,2021-09-15,China,Shanghai,2010,13,1,None,
894,HAYDON,2021-09-24,China,Shanghai,2020,2,1,None,
895,Ninja Van,2021-09-27,Singapore,"Supply chain, logistics, & delivery",2014,15,6,None,
896,Vedantu,2021-09-29,India,Bengaluru,2014,13,5,None,
897,TrialSpark,2021-09-30,United States,New York,2014,14,1,None,
898,Ajaib,2021-10-04,Indonesia,Jakarta,2018,12,1,None,
899,Licious,2021-10-05,India,Bengaluru,2015,21,5,None,
902,Solo.io,2021-10-07,United States,Cambridge,2017,3,1,None,
904,MobiKwik,2021-10-13,India,Gurugram,2009,31,9,None,
905,Zopa,2021-10-19,United Kingdom,London,2005,17,2,None,
906,Dental Monitoring,2021-10-21,France,Paris,2014,3,1,None,
907,CargoX,2021-10-21,Brazil,Sao Paulo,2015,18,3,None,
909,Augury,2021-10-26,United States,New York,2011,13,3,None,
910,Moka,2021-11-02,China,Beijing,2015,8,2,None,
911,Tezign,2021-11-02,China,Shanghai,2015,14,1,None,
966,C6 Bank,2020-12-02,Brazil,Sao Paulo,0,16,6,None,
912,Vagaro,2021-11-03,United States,Dublin,2009,2,1,None,
913,Razor,2021-11-08,Germany,Berlin,2020,13,2,None,
914,OpenWeb,2021-11-09,United States,New York,2012,23,2,None,
915,Contrast Security,2021-11-09,United States,Los Altos,2014,11,3,None,
916,Wrapbook,2021-11-10,United States,New York,2018,8,1,None,
917,Gaussian Robotics,2021-11-10,China,Shanghai,2013,17,1,None,
918,Mensa Brands,2021-11-16,India,Bengaluru,2021,13,3,None,
919,Heyday,2021-11-16,United States,Chicago,2017,10,1,None,
920,PLACE,2021-11-17,United States,Bellingham,2020,2,1,None,
921,Owkin,2021-11-18,United States,New York,2016,12,2,None,
922,Expel,2021-11-18,United States,Herndon,2016,11,3,None,
923,NoBroker,2021-11-23,India,Bengaluru,2014,14,5,None,
925,Thought Machine,2021-11-29,United Kingdom,London,2014,15,3,None,
926,Lessen,2021-11-30,United States,Scottsdale,2019,4,1,None,
927,YipitData,2021-12-06,United States,New York,2008,15,3,None,
928,Anyscale,2021-12-07,United States,Berkeley,2019,10,1,None,
930,ReliaQuest,2021-12-01,United States,Tampa,2007,4,1,None,
931,Pet Circle,2021-12-07,Australia,Alexandria,2011,6,1,None,
933,Lydia,2021-12-08,France,Paris,2011,12,3,None,
934,SellerX,2021-12-09,Germany,Berlin,2020,13,1,None,
937,Noname Security,2021-12-15,United States,Palo Alto,2020,7,1,None,
938,Rothy's,2021-12-21,United States,San Francisco,2016,6,2,None,
939,Drata,2021-11-08,United States,San Diego,2020,9,1,None,
940,VOI,2021-12-21,Sweden,Stockholm,2018,33,3,None,
941,Haomao.AI,2021-12-22,China,Beijing,2019,7,1,None,
942,Kopi Kenangan,2021-12-27,Indonesia,Jakarta,2017,13,1,None,
943,InFarm,2021-12-16,Germany,Berlin,2013,22,2,None,
944,ONE,2021-12-08,Singapore,Internet software & services,2011,11,1,None,
945,Fractal Analytics,2022-01-05,India,Mumbai,2000,6,3,None,
946,Assent Compliance,2022-01-06,Canada,Ottawa,2005,8,3,None,
947,CAIS,2022-01-11,United States,New York,2009,7,2,None,
948,Placer.ai,2022-01-12,United States,Los Altos,2016,19,1,None,
949,Pentera,2022-01-11,Israel,Petah Tikva,2015,6,1,None,
950,Darwinbox,2022-01-25,India,Hyderabad,2015,10,2,None,
951,Minio,2022-01-26,United States,Palo Alto,2014,13,2,None,
952,Fever Labs,2022-01-26,United States,New York,2012,26,4,None,
953,Esusu,2022-01-27,United States,New York,2015,25,1,None,
954,Betterfly,2022-02-01,Chile,Santiago,2018,13,1,None,
955,Dune Analytics,2022-02-02,Norway,Oslo,2018,12,1,None,
956,Scandit,2022-02-09,Switzerland,Zurich,2009,12,3,None,
957,Payhawk,2022-02-14,United Kingdom,London,2018,15,2,None,
958,Axelar,2022-02-15,Canada,Waterloo,2020,26,1,None,
959,CHEQ,2022-02-22,United States,New York,2014,6,2,None,
960,Hasura,2022-02-22,India,Bengaluru,2017,11,1,None,
903,Swile,2021-10-11,France,Montpellier,2016,8,2,None,
924,Slice,2021-11-28,India,Bengaluru,2015,30,3,None,
18,OpenSea,2021-07-20,United States,New York,2017,26,2,None,
19,Grammarly,2019-10-10,United States,San Francisco,2009,8,3,None,
967,Weilong,2021-05-08,China,Luohe,0,7,1,None,
968,Hopin,2020-11-10,United Kingdom,London,0,85,3,None,
970,SpaceX,2012-12-01,United States,Hawthorne,2002,29,12,None,
42,Xingsheng Selected,2020-07-22,China,Changsha,2009,14,5,None,
965,Veev,2022-02-24,United States,San Mateo,2008,11,1,None,
1004,SaltPay,2021-04-23,United Kingdom,London,0,20,4,None,
974,Canva,2018-01-08,Australia,Surry Hills,2012,26,8,None,
975,Checkout.com,2019-05-02,United Kingdom,London,2012,15,4,None,
976,Snyk,2020-01-21,United States,Boston,2015,26,9,None,
977,Argo AI,2019-07-12,United States,Pittsburgh,0,2,1,None,
979,Chipone,2021-12-20,China,Beijing,0,30,1,None,
980,SSENSE,2021-06-08,Canada,Montreal,0,12,2,None,
981,CRED,2021-04-06,India,Bengaluru,0,18,5,None,
982,Zapier,2021-01-14,United States,Sunnyvale,0,6,1,None,
983,Clubhouse,2021-01-24,United States,San Francisco,0,6,1,None,
985,Tubatu.com,2015-03-09,China,Shenzhen,0,3,1,None,
986,Netlify,2021-11-17,United States,San Francisco,0,15,2,None,
987,eDaili,2019-02-01,China,Shanghai,0,8,2,None,
990,Zhubajie,2015-06-16,China,Chongqing,0,3,1,None,
991,Carzone,2019-03-01,China,Jiangsu,0,13,1,None,
992,Changingedu,2017-10-30,China,Shanghai,0,6,1,None,
1,Instacart,2014-12-30,United States,San Francisco,2012,29,12,None,
2,Databricks,2019-02-05,United States,San Francisco,2013,29,8,None,
3,Revolut,2018-04-26,United Kingdom,London,2015,31,6,None,
5,Fanatics,2012-06-06,United States,Jacksonville,1995,21,10,None,
43,Dream11,2019-04-09,India,Mumbai,2007,15,8,None,
989,Wave,2021-09-07,Senegal,Dakar,0,2,,None,
44,Fireblocks,2021-07-27,United States,New York,2018,27,3,None,
848,Printful,2021-05-24,United States,Charlotte,2016,22,1,None,
20,Devoted Health,2018-10-16,United States,Waltham,2017,16,4,None,
21,Faire,2019-10-30,United States,San Francisco,2017,14,6,None,
22,Brex,2018-10-05,United States,San Francisco,2017,28,7,None,
23,JUUL Labs,2017-12-20,United States,San Francisco,2015,28,7,None,
24,Bitmain Technologies,2018-07-06,China,Beijing,2015,28,7,None,
25,Biosplice Therapeutics,2018-08-06,United States,San Diego,2008,10,1,None,
26,GoodLeap,2021-10-13,United States,Roseville,2003,8,1,None,
27,Airtable,2018-11-15,United States,San Francisco,2013,41,6,None,
28,ZongMu Technology,2021-06-03,China,Shanghai,2013,19,2,None,
48,Dapper Labs,2021-03-30,Canada,Vancouver,2018,85,3,None,
140,dbt Labs,2021-06-30,United States,Philadelphia,2016,12,2,None,
199,Upstox,2021-11-29,India,Mumbai,2010,4,2,None,
323,Bowery Farming,2021-05-25,United States,New York,2015,31,2,None,
354,SoundHound,2018-05-03,United States,Santa Clara,2005,24,8,None,
383,Kajabi,2021-05-04,United States,Irvine,2010,6,1,None,
413,Deliverr,2021-11-22,United States,San Francisco,2017,10,2,None,
477,Wayflyer,2022-02-01,Ireland,Dublin,2019,11,1,None,
599,Betterment,2021-09-29,United States,New York,2010,20,7,None,
45,Ramp,2021-03-29,United States,New York,2019,18,5,None,
46,Flexport,2018-04-30,United States,San Francisco,2013,28,6,None,
47,Caris Life Sciences,2021-05-17,United States,Irving,1996,17,3,None,
75,Wiz,2021-03-17,Israel,Tel Aviv,2020,10,4,None,
76,iCapital Network,2021-07-27,United States,New York,2013,28,2,None,
77,Pine Labs,2020-01-24,India,Noida,1998,25,6,None,
78,6Sense,2021-03-30,United States,San Francisco,2013,19,6,None,
79,Attentive,2020-09-23,United States,Hoboken,2016,12,2,None,
117,Pleo,2021-07-06,Denmark,Copenhagen,2015,16,4,None,
159,Cerebras Systems,2018-11-14,United States,Los Altos,2016,14,3,None,
188,Mirakl,2020-09-22,France,Paris,2011,6,4,None,
219,PsiQuantum,2021-07-27,United States,Palo Alto,2016,10,1,None,
370,AppsFlyer,2020-01-21,United States,San Francisco,2011,8,4,None,
400,Black Sesame Technologies,2021-09-22,China,Shanghai,2016,18,1,None,
431,Diamond Foundry,2021-03-29,United States,San Francisco,2012,16,1,None,
434,Opentrons,2021-09-23,United States,New York,2016,8,2,None,
456,Hibob,2021-10-12,Israel,Tel Aviv,2015,15,3,None,
515,Andela,2021-09-29,United States,New York,2014,29,4,None,
908,Fabric,2021-10-26,United States,New York,1999,11,2,None,
603,TravelPerk,2022-01-12,Spain,Barcelona,2015,15,3,None,
633,Qumulo,2020-07-16,United States,Seattle,2012,12,5,None,
661,Jokr,2021-12-02,United States,New York,2021,15,1,None,
721,Radius Payment Solutions,2017-11-27,United Kingdom,Crewe,1990,1,1,None,
758,Revolution Precrafted,2017-10-23,Philippines,Manila,2015,2,2,None,
750,Kendra Scott,2016-12-21,United States,Austin,2002,2,2,None,
811,MadeiraMadeira,2021-01-07,Brazil,Parana,2009,10,2,None,
868,Amperity,2021-07-13,United States,Seattle,2016,15,3,None,
900,Masterworks,2021-10-05,United States,New York,2017,3,1,None,
901,Chronosphere,2021-10-07,United States,New York,2019,6,1,None,
932,Nature's Fynd,2021-07-19,United States,Chicago,2012,20,1,None,
961,Timescale,2022-02-22,United States,New York,2015,7,2,None,
962,Scalapay,2022-02-23,Italy,Milan,2019,10,2,None,
376,ISN,2020-12-17,United States,Dallas,2001,1,1,None,
419,Cloudinary,2022-02-15,United States,Santa Clara,2011,2,1,None,
597,DistroKid,2021-08-16,United States,New York,2013,3,1,None,
627,GalaxySpace,2020-11-17,China,Beijing,2016,12,3,None,
786,Poizon,2019-04-29,China,Shanghai,2015,5,1,None,
788,SITECH DEV,2019-05-16,China,Guiyang,2017,4,1,None,
871,Xiaobing,2021-07-12,China,Beijing,2020,9,1,None,
630,Yiguo,2016-11-09,China,Shanghai,2005,12,1,None,
690,OVH,2016-08-15,France,Roubaix,1999,10,1,None,
751,Mobvoi,2017-04-06,China,Beijing,2012,7,1,None,
781,REEF Technology,2018-12-10,United States,Miami,2015,9,1,None,
782,Globality,2019-01-22,United States,Menlo Park,2015,20,3,None,
842,Shift Technology,2021-05-05,France,Paris,2014,11,3,None,
873,Interos,2021-07-22,United States,Arlington,2005,6,1,None,
874,BlackBuck,2021-07-22,India,Bengaluru,2015,20,7,None,
891,Assembly,2021-09-21,United States,Culver City,2019,3,1,None,
929,Iodine Software,2021-12-01,United States,Austin,2010,3,1,None,
935,SnapLogic,2021-12-13,United States,San Mateo,2006,18,8,None,
936,Cadence,2021-12-14,United States,New York,2020,8,1,None,
963,Omada Health,2022-02-23,United States,San Francisco,2011,30,6,None,
964,BlueVoyant,2022-02-23,United States,New York,2017,6,2,None,
994,Lalamove,2019-02-21,Hong Kong,Cheung Sha Wan,2013,15,5,None,
260,OpenAI,2019-07-22,United States,San Francisco,2015,6,,None,
493,Cambridge Mobile Telematics,2018-12-19,United States,Cambridge,2010,1,,None,
536,Yipin Shengxian,2019-03-11,China,Hefei,2017,4,,None,
537,Bordrin Motors,2019-06-03,China,Shanghai,2016,7,,None,
539,Juma Peisong,2018-11-26,China,Chengdu,2011,7,,None,
540,Ouyeel,2019-06-27,China,Shanghai,2015,18,,None,
547,SonderMind,2021-07-28,United States,Denver,2014,18,,None,
555,Yidian Zixun,2017-10-17,China,Beijing,2021,2,,None,
575,DeepBlue Technology,2018-04-16,China,Shanghai,2014,10,,None,
672,Mininglamp Technology,2019-03-27,China,Beijing,2014,19,,None,
689,Juanpi,2016-04-14,China,Wuhan,2012,7,,None,
870,Pantheon Systems,2021-07-13,United States,San Francisco,2020,1,,None,
74,Better.com,2020-11-10,United States,New York,2018,2,,None,
999,JimuBox,2015-04-21,China,Beijing,0,10,,None,
54,Scale AI,2019-08-05,United States,San Francisco,2018,1,,None,
115,Cerebral,2021-06-10,United States,San Francisco,2020,1,,None,
127,Monzo,2018-10-31,United Kingdom,London,2000,2,,None,
202,Starburst,2021-01-06,United States,Boston,1999,1,,None,
351,ReCharge,2021-05-06,United States,Los Angeles,2017,3,,None,
978,Ola Cabs,2014-10-27,India,Bengaluru,0,8,,None,
997,Mammoth Biosciences,2021-09-09,United States,Brisbane,0,1,,None,
984,Paxos,2021-04-29,United States,New York,0,1,,None,
988,Harness,2021-01-14,United States,San Francisco,0,2,,None,
1009,Orchard,2021-09-09,United States,New York,0,1,,None,
1036,Pilot.com,2021-03-26,United States,San Francisco,0,1,,None,
1037,Elemy,2021-10-06,United States,San Francisco,0,1,,None,
1013,reddit,2017-07-31,United States,San Francisco,2005,33,5,Acquired,1
1016,Thrasio,2020-07-15,United States,Walpole,2018,22,5,Acquired,1
1017,Digital Currency Group,2021-11-01,United States,New York,2018,22,5,Acquired,1
1028,Capsule,2021-04-28,United States,New York,2016,11,3,None,
1029,Clara,2021-12-06,Mexico,Mexico City,2020,14,2,None,
1024,Tanium,2015-03-31,United States,Kirkland,2007,15,13,None,
1000,Kuaigou Dache,2018-07-13,China,Tianjin,0,9,1,None,
1001,Numbrs,2019-08-22,Switzerland,Zurich,0,6,2,None,
1005,Amount,2021-05-17,United States,Chicago,0,9,2,None,
1006,Matrixport,2021-06-01,Singapore,Fintech,0,22,1,None,
1012,Gusto,2015-12-18,United States,San Francisco,2011,70,9,None,
1010,Stytch,2021-11-18,United States,San Francisco,0,11,3,None,
998,56PINGTAI,2021-01-25,China,Shanghai,0,11,1,None,
1008,PicsArt,2021-08-26,United States,San Francisco,0,9,4,None,
1011,Watershed,2022-02-08,United States,San Francisco,0,4,1,None,
995,Figma,2020-04-30,United States,San Francisco,2012,20,6,None,
996,Qingting FM,2021-06-02,China,Shanghai,0,16,2,None,
1002,Socar,2020-10-16,South Korea,Jeju-do,0,9,1,None,
1003,Hyperchain,2021-04-11,China,Hangzhou,0,14,2,None,
1014,Talkdesk,2018-10-03,United States,San Francisco,2011,19,6,None,
1020,HEYTEA,2019-07-01,China,Shenzhen,2012,13,3,None,
1015,Notion Labs,2020-04-01,United States,San Francisco,2016,17,3,None,
1007,Carson Group,2021-07-14,United States,Lincoln,0,9,1,None,
1018,OutSystems,2018-06-05,United States,Boston,2001,13,3,None,
1019,ServiceTitan,2018-11-14,United States,Glendale,2012,16,6,None,
1021,N26,2019-01-10,Germany,Berlin,2013,21,7,None,
1022,Klaviyo,2020-11-17,United States,Boston,2012,15,3,None,
1023,Northvolt,2019-06-12,Sweden,Stockholm,2016,54,4,None,
1025,Chehaoduo,2016-03-12,China,Beijing,2015,35,4,None,
1026,Dadi Cinema,2016-05-11,China,Shenzhen,2006,1,1,None,
1027,LinkSure Network,2015-01-01,China,Shanghai,2013,2,1,None,
1030,Uplight,2021-03-03,United States,Boulder,0,19,1,None,
1031,Coda,2021-07-08,United States,Mountain View,0,18,7,None,
1032,Veepee,2007-07-20,France,La Plaine Saint-Denis,0,5,2,None,
1033,You & Mr Jones,2019-11-19,United States,New York,0,10,5,None,
1034,WTOIP,2018-04-08,China,Guangzhou,0,11,1,None,
1035,Fair,2018-12-20,United States,Santa Monica,0,,1,None,
